Workbook

Sheet Übersicht
A1: Objective ID | B1: Objective Description | C1: Objective Owner | D1: Priority | E1: Quarter | F1: Key Result ID | G1: Start Date | H1: Due Date | I1: Key Result Description | J1: Comments | K1: KR Owner | L1: Status | M1: Target Value | N1: Start Value | O1: Current Value | P1: Progress %
A2: O1 | B2: Mehr aktive ax-Kunden | C2: Team | D2: N/A | E2: Q4 2025 | F2: KR1.1 | G2: 45971 | H2: 46014 | I2: Anzahl kontaktierter Altkunden | K2: TBD | L2: =IF(P2>=0.7,"On Track",IF(P2>=0.4,"At Risk","Behind")) -> Behind | M2: 25 | N2: 1 | O2: 5 | P2: =IF(M2-N2=0,0,(O2-N2)/(M2-N2)) -> 0.16666667
A3: O1 | B3: Mehr aktive ax-Kunden | C3: Team | D3: N/A | E3: Q4 2025 | F3: KR1.2 | G3: 45971 | H3: 46014 | I3: Anzahl kontaktierter neuer Leads | K3: TBD | L3: =IF(P3>=0.7,"On Track",IF(P3>=0.4,"At Risk","Behind")) -> Behind | M3: 25 | N3: 0 | O3: 0 | P3: =IF(M3-N3=0,0,(O3-N3)/(M3-N3)) -> 0
A4: O1 | B4: Mehr aktive ax-Kunden | C4: Team | D4: N/A | E4: Q4 2025 | F4: KR1.3 | G4: 45971 | H4: 46014 | I4: wöchentl. Besucher auf den ax-Websites | K4: TBD | L4: =IF(P4>=0.7,"On Track",IF(P4>=0.4,"At Risk","Behind")) -> Behind | M4: 500 | N4: 0 | O4: 0 | P4: =IF(M4-N4=0,0,(O4-N4)/(M4-N4)) -> 0

Sheet aktuelle KR NR
A1: KW | B1: Datum | C1: KR1 Klicks/w bei Google (Ziel Q4: 23) | D1: KR1 % | E1: KR2 kontaktierte Leads | F1: KR2 % | G1: KR3 Kontaktierte Alkunden | H1: KR2 %
B2: Ziele | C2: 300 | E2: 10 | G2: 20
B3: Zieldatum | C3: 46112
B4: Startwert | C4: 0 | D4: =C4/300 -> 0 | F4: =SUM($E$4:E4)/20 -> 0 | H4: =SUM($G$4:G4)/20 -> 0
A5: 1 | B5: 46027 | C5: 6 | D5: =C5/300 -> 0.02 | E5: 0 | F5: =SUM($E$4:E5)/20 -> 0 | G5: 0 | H5: =SUM($G$4:G5)/20 -> 0
A6: 2 | B6: 46034 | C6: 23 | D6: =C6/300 -> 0.076666667 | E6: 0 | F6: =SUM($E$4:E6)/20 -> 0 | G6: 0 | H6: =SUM($G$4:G6)/20 -> 0
A7: 3 | B7: 46041 | C7: 45 | D7: =C7/300 -> 0.15 | E7: 0 | F7: =SUM($E$4:E7)/20 -> 0 | G7: 0 | H7: =SUM($G$4:G7)/20 -> 0
A8: 4 | B8: 46048 | C8: 49 | D8: =C8/300 -> 0.16333333 | E8: 3 | F8: =SUM($E$4:E8)/10 -> 0.3 | G8: 1 | H8: =SUM($G$4:G8)/20 -> 0.05
A9: 5 | B9: 46054 | C9: 62 | D9: =C9/300 -> 0.20666667 | E9: 0 | F9: =SUM($E$4:E9)/20 -> 0.15 | G9: 2 | H9: =SUM($G$4:G9)/20 -> 0.15

Sheet aktuelle KR TMT
A1: KW | B1: Datum | C1: KR1 Klicks/w bei Google (Q4: 23) | D1: KR1 % | E1: KR2 kontaktierte Leads (10) | F1: KR2 % | G1: KR3 Kontaktierte Alkunden (20) | H1: KR2 %
B2: Startwert | C2: 0 | D2: =SUM($C$2:C2)/20 -> 0 | F2: =SUM($E$2:E2)/20 -> 0 | H2: =SUM($G$2:G2)/20 -> 0
A3: 1 | B3: 46027 | C3: 6 | D3: =SUM($C$2:C3)/23 -> 0.26086957 | E3: 0 | F3: =SUM($E$2:E3)/20 -> 0 | G3: 0 | H3: =SUM($G$2:G3)/20 -> 0
A4: 2 | B4: 46034 | C4: 23 | D4: =SUM($C$2:C4)/23 -> 1.2608696 | E4: 0 | F4: =SUM($E$2:E4)/20 -> 0 | G4: 0 | H4: =SUM($G$2:G4)/20 -> 0
A5: 3 | B5: 46041 | C5: 45 | D5: =SUM($C$2:C5)/23 -> 3.2173913 | E5: 0 | F5: =SUM($E$2:E5)/20 -> 0 | G5: 0 | H5: =SUM($G$2:G5)/20 -> 0
A6: 4 | B6: 46048 | C6: 49 | D6: =SUM($C$2:C6)/23 -> 5.3478261 | E6: 3 | F6: =SUM($E$2:E6)/10 -> 0.3 | G6: 1 | H6: =SUM($G$2:G6)/20 -> 0.05
A7: 5 | B7: 46054 | C7: 62 | D7: =SUM($C$2:C7)/23 -> 8.0434783 | E7: 0 | F7: =SUM($E$2:E7)/20 -> 0.15 | G7: 2 | H7: =SUM($G$2:G7)/20 -> 0.15
A8: 6 | B8: 46061 | D8: =SUM($C$2:C8)/23 -> 8.0434783 | E8: 0 | F8: =SUM($E$2:E8)/20 -> 0.15 | G8: 0 | H8: =SUM($G$2:G8)/20 -> 0.15

Sheet KRQ4-25
A1: Datum | B1: KR1.1 Kontaktierte Altkunden (20) | C1: KR1.1 % | D1: KR1.2 Reaktionen auf Anschreiben (20) | E1: KR1.1 % | F1: KR1.3 Wert Kontaktierte Neue Leads (20) | G1: KR1.2 % | H1: KR1.4 Wert ax Website Besucher | I1: KR1.3 %
A2: Startwert | B2: 1 | C2: =SUM($B$2:B2)/20 -> 0.05 | D2: 0 | E2: =SUM($D$2:D2)/20 -> 0 | F2: 0 | G2: =SUM($F$2:F2)/20 -> 0 | H2: 0 | I2: =H2/Übersicht!$M$4 -> 0
A3: 45942 | B3: 0 | C3: =SUM($B$2:B3)/20 -> 0.05 | D3: 0 | E3: =SUM($D$2:D3)/20 -> 0 | F3: 0 | G3: =SUM($F$2:F3)/20 -> 0 | H3: 12 | I3: =H3/Übersicht!$M$4 -> 0.024
A4: 45949 | B4: 0 | C4: =SUM($B$2:B4)/20 -> 0.05 | D4: 0 | E4: =SUM($D$2:D4)/20 -> 0 | F4: 0 | G4: =SUM($F$2:F4)/20 -> 0 | H4: 2 | I4: =H4/Übersicht!$M$4 -> 0.004
A5: 45956 | B5: 0 | C5: =SUM($B$2:B5)/20 -> 0.05 | D5: 0 | E5: =SUM($D$2:D5)/20 -> 0 | F5: 0 | G5: =SUM($F$2:F5)/20 -> 0 | H5: 5 | I5: =H5/Übersicht!$M$4 -> 0.01
A6: 45963 | B6: 0 | C6: =SUM($B$2:B6)/20 -> 0.05 | D6: 0 | E6: =SUM($D$2:D6)/20 -> 0 | F6: 0 | G6: =SUM($F$2:F6)/20 -> 0 | H6: 15 | I6: =H6/Übersicht!$M$4 -> 0.03
A7: 45970 | B7: 0 | C7: =SUM($B$2:B7)/20 -> 0.05 | D7: 0 | E7: =SUM($D$2:D7)/20 -> 0 | F7: 0 | G7: =SUM($F$2:F7)/20 -> 0 | H7: 20 | I7: =H7/Übersicht!$M$4 -> 0.04
A8: 45977 | B8: 0 | C8: =SUM($B$2:B8)/20 -> 0.05 | D8: 0 | E8: =SUM($D$2:D8)/20 -> 0 | F8: 0 | G8: =SUM($F$2:F8)/20 -> 0 | H8: 66 | I8: =H8/Übersicht!$M$4 -> 0.132
A9: 45984 | B9: 0 | C9: =SUM($B$2:B9)/20 -> 0.05 | D9: 0 | E9: =SUM($D$2:D9)/20 -> 0 | F9: 0 | G9: =SUM($F$2:F9)/20 -> 0 | H9: 35 | I9: =H9/Übersicht!$M$4 -> 0.07
A10: 45991 | B10: 0 | C10: =SUM($B$2:B10)/20 -> 0.05 | D10: 0 | E10: =SUM($D$2:D10)/20 -> 0 | F10: 0 | G10: =SUM($F$2:F10)/20 -> 0 | H10: 24 | I10: =H10/Übersicht!$M$4 -> 0.048
A11: 45998 | B11: 0 | C11: =SUM($B$2:B11)/20 -> 0.05 | D11: 0 | E11: =SUM($D$2:D11)/20 -> 0 | F11: 1 | G11: =SUM($F$2:F11)/20 -> 0.05 | H11: 37 | I11: =H11/Übersicht!$M$4 -> 0.074
A12: 46005 | B12: 0 | C12: =SUM($B$2:B12)/20 -> 0.05 | D12: 0 | E12: =SUM($D$2:D12)/20 -> 0 | F12: 1 | G12: =SUM($F$2:F12)/20 -> 0.1 | H12: 28 | I12: =H12/Übersicht!$M$4 -> 0.056
A13: 46012 | B13: 8 | C13: =SUM($B$2:B13)/20 -> 0.45 | D13: 0 | E13: =SUM($D$2:D13)/20 -> 0 | F13: 1 | G13: =SUM($F$2:F13)/20 -> 0.15 | I13: =H13/Übersicht!$M$4 -> 0
A14: 46019 | B14: 8 | C14: =SUM($B$2:B14)/20 -> 0.85 | D14: 1 | E14: =SUM($D$2:D14)/20 -> 0.05 | F14: 1 | G14: =SUM($F$2:F14)/20 -> 0.2 | I14: =H14/Übersicht!$M$4 -> 0
A15: 46026 | B15: 8 | C15: =SUM($B$2:B15)/20 -> 1.25 | D15: 0 | E15: =SUM($D$2:D15)/20 -> 0.05 | F15: 2 | G15: =SUM($F$2:F15)/20 -> 0.3 | I15: =H15/Übersicht!$M$4 -> 0
A16: 46033 | C16: =SUM($B$2:B16)/20 -> 1.25 | E16: =SUM($D$2:D16)/20 -> 0.05 | G16: =SUM($F$2:F16)/20 -> 0.3 | I16: =H16/Übersicht!$M$4 -> 0

Sheet Kontakte
A1: Art | B1: Kontaktiert | C1: Kanal | D1: Nachname | E1: Vorname | F1: Firma früher | G1: Firma heute | H1: Branche | I1: Position heute | J1: LinkedIn | K1: Quelle | L1: Letzter Kontakt | M1: Letzter Kontakt mit
A2: Altkontakt ax | B2: 45978 | C2: LinkedIn | D2: Rátonyi | E2: Andrea | F2: adidas Ungarn | G2: AERON | H2: Damen-bekleidung | I2: Brand & Retail Executive | J2: Link | K2: alte E-Mails | L2: 2014 | M2: Tobias
A3: Altkontakt ax | B3: 46006 | C3: LinkedIn | D3: Heckel | E3: Georg | F3: cip | G3: hama | I3: Head of Marketing, Kids & Teens | J3: Link | K3: aktuelle E-Mails | L3: 43770 | M3: Benni
A4: Altkontakt ax | B4: 46006 | C4: LinkedIn | D4: Winter | E4: Patric | F4: cip | G4: adidas | H4: BU Football | I4: Manager Digital Marketing Partner Activation | J4: Link | L4: 43525 | M4: Benni & Tobias
A5: Altkontakt ax | B5: 46006 | C5: LinkedIn | D5: Nico | E5: Schulze | F5: cip | G5: adidas | I5: Project Manager Retail & Franchise | J5: Link
A6: Altkontakt ax | B6: 46006 | C6: LinkedIn | D6: Bechtel | E6: Michaela | F6: adidas | G6: Redcare Pharmacy | H6: Gesundheitswesen | I6: Product Owner | J6: Link
A7: Altkontakt ax | B7: 46006 | C7: LinkedIn | D7: Bechtold | E7: Franziska | F7: adidas | G7: Selbstständig | I7: Senior UX/UI Designer | J7: Link
A8: Altkontakt ax | B8: 46006 | C8: LinkedIn | D8: Steinmetz | E8: Bernhard | F8: adidas | G8: adidas | I8: Director Brand Communication Outdoor | J8: Link
A9: Altkontakt ax | B9: 46006 | C9: LinkedIn | D9: Bloss | E9: David | F9: cip | G9: FiveTen | I9: bike and climb athlete manager | J9: Link
A10: Altkontakt ax | B10: 46006 | C10: LinkedIn | D10: Bösche | E10: Janosch | F10: reebok/adidas | G10: Selbstständig | I10: Marketing & eCom Generalist | J10: Link
A11: Altkontakt ax | B11: 46006 | C11: LinkedIn | D11: Gaab ehem. Breitinger | E11: Anke | F11: adidas | G11: Vedes | I11: Marketing & Strategy | J11: Link
A12: Lead TMZ | B12: 45992 | C12: CC | D12: Hinze | E12: Anna | F12: - | G12: Hundetraining
D13: Frey | E13: Patrick | F13: cip | G13: adidas | I13: Manager WHS Activation Football Specialists | J13: Link | K13: ax E-Mail-Archiv | M13: Tobias
D14: Buchna | E14: Clemens | F14: adidas | J14: nicht eindeutig | K14: alte E-Mails vor Gmail | L14: 2013?
D15: Grim | E15: Antonia | F15: adidas | G15: NaturEnergy | I15: Leiterin Kommunikation & Organisation | J15: Link | K15: alte E-Mails vor Gmail
D16: Stelling-Schönlein | E16: Birgit | F16: adidas | G16: Rödl & Partner | I16: Leiterin Marketing, Unternehmenskommunikation und Business Development Global | J16: Link | K16: alte E-Mails vor Gmail
D17: Götz | E17: Annika | F17: reebok/adidas | J17: nicht gefunden | K17: alte E-Mails vor Gmail
D18: Arnezeder | E18: Melissa | F18: cip | J18: nicht gefunden

Sheet Texte
A1: LinkedIn Nachricht an best. Kontakt | B1: Hi, wir hatten früher ab und an miteinander zu tun, als Du noch bei <> warst. Ich hoffe, Du erinnerst Dich positiv an appcentrics! Wir machen gerade eine Vorweihnachtsaktion mit unseren Marketing-Apps - hast Du Interesse, dass ich Dir mal zeige, was wir inzwischen alles an Aktivierungsmöglichkeiten online und am POS haben? Liebe Grüße Tobias
A2: LinkedIn Nachricht mit Kontakteinladung | B2: Wir hatten früher über <> miteinander zu tun. Ich hoffe, Du erinnerst Dich positiv an appcentrics! Hast Du Lust, dass ich Dir mal zeige, was wir inzwischen alles an Aktivierungsmöglichkeiten haben?
A3: LinkedIn Nachricht mit Kontakteinladung | B3: Hi! Wir hatten früher öfter miteinander zu tun - ich hoffe, Du erinnerst Dich positiv an appcentrics! Hast Du Interesse, zu erfahren, was wir inzwischen an Aktivierungsmöglichkeiten haben?
